{"tileset": [
	{"desert":
		{
			"basetile": 1,

			"rules": [
			{
				"index": 2,
				"condition": [
					{"x": 0, "y": 1, "value": "full"},
					{"x": 0, "y": -1, "value": "full"},
					{"x": 1, "y": 0, "value": "full"},
					{"x": -1, "y": 0, "value": "full"}
				],
				"random": 150
			},
			{
				"index": 3,
				"condition": [
					{"x": 0, "y": 1, "value": "full"},
					{"x": 0, "y": -1, "value": "full"},
					{"x": 1, "y": 0, "value": "full"},
					{"x": -1, "y": 0, "value": "full"}
				],
				"random": 150
			},
			{
				"index": 21,
				"condition": [
					{"x": 0, "y": 1, "value": "full"},
					{"x": 0, "y": -1, "value": "full"},
					{"x": 1, "y": 0, "value": "full"},
					{"x": -1, "y": 0, "value": "full"}
				],
				"random": 450
			},
			{
				"index": 37,
				"condition": [
					{"x": 0, "y": 1, "value": "full"},
					{"x": 0, "y": -1, "value": "full"},
					{"x": 1, "y": 0, "value": "full"},
					{"x": -1, "y": 0, "value": "full"}
				],
				"random": 450
			},
			{
				"index": 53,
				"condition": [
					{"x": 0, "y": 1, "value": "full"},
					{"x": 0, "y": -1, "value": "full"},
					{"x": 1, "y": 0, "value": "full"},
					{"x": -1, "y": 0, "value": "full"}
				],
				"random": 450
			},
			{
				"index": 69,
				"condition": [
					{"x": 0, "y": 1, "value": "full"},
					{"x": 0, "y": -1, "value": "full"},
					{"x": 1, "y": 0, "value": "full"},
					{"x": -1, "y": 0, "value": "full"}
				],
				"random": 450
			},
			{
				"index": 16,
				"condition": [
					{"x": 0, "y": -1, "value": "empty"}
				]
			},
			{
				"index": 17,
				"condition": [
					{"x": 1, "y": 0, "value": "empty"}
				]
			},
			{
				"index": 18,
				"condition": [
					{"x": 0, "y": 1, "value": "empty"}
				]
			},
			{
				"index": 19,
				"condition": [
					{"x": -1, "y": 0, "value": "empty"}
				]
			},
			{
				"index": 33,
				"condition": [
					{"x": 0, "y": -1, "value": "empty"},
					{"x": 1, "y": 0, "value": "empty"}
				]
			},
			{
				"index": 32,
				"condition": [
					{"x": 0, "y": -1, "value": "empty"},
					{"x": -1, "y": 0, "value": "empty"}
				]
			},
			{
				"index": 35,
				"condition": [
					{"x": 0, "y": 1, "value": "empty"},
					{"x": -1, "y": 0, "value": "empty"}
				]
			},
			{
				"index": 34,
				"condition": [
					{"x": 0, "y": 1, "value": "empty"},
					{"x": 1, "y": 0, "value": "empty"}
				]
			},
			{
				"index": 51,
				"condition": [
					{"x": -1, "y": 1, "value": "empty"},
					{"x": -1, "y": 0, "value": "full"},
					{"x": 0, "y": 1, "value": "full"}
				]
			},
			{
				"index": 50,
				"condition": [
					{"x": 1, "y": 1, "value": "empty"},
					{"x": 1, "y": 0, "value": "full"},
					{"x": 0, "y": 1, "value": "full"}
				]
			},
			{
				"index": 49,
				"condition": [
					{"x": 1, "y": -1, "value": "empty"},
					{"x": 1, "y": 0, "value": "full"},
					{"x": 0, "y": -1, "value": "full"}
				]
			},
			{
				"index": 48,
				"condition": [
					{"x": -1, "y": -1, "value": "empty"},
					{"x": -1, "y": 0, "value": "full"},
					{"x": 0, "y": -1, "value": "full"}
				]
			}]
		}
	},
	{"mine":
		{
			"basetile": 81,

			"rules": [
			{
				"index": 82,
				"condition": [
					{"x": 0, "y": 1, "value": "full"},
					{"x": 0, "y": -1, "value": "full"},
					{"x": 1, "y": 0, "value": "full"},
					{"x": -1, "y": 0, "value": "full"}
				],
				"random": 500
			},
			{
				"index": 83,
				"condition": [
					{"x": 0, "y": 1, "value": "full"},
					{"x": 0, "y": -1, "value": "full"},
					{"x": 1, "y": 0, "value": "full"},
					{"x": -1, "y": 0, "value": "full"}
				],
				"random": 500
			},
			{
				"index": 84,
				"condition": [
					{"x": 0, "y": 1, "value": "full"},
					{"x": 0, "y": -1, "value": "full"},
					{"x": 1, "y": 0, "value": "full"},
					{"x": -1, "y": 0, "value": "full"}
				],
				"random": 500
			},
			{
				"index": 85,
				"condition": [
					{"x": 0, "y": 1, "value": "full"},
					{"x": 0, "y": -1, "value": "full"},
					{"x": 1, "y": 0, "value": "full"},
					{"x": -1, "y": 0, "value": "full"}
				],
				"random": 500
			},
			{
				"index": 86,
				"condition": [
					{"x": 0, "y": 1, "value": "full"},
					{"x": 0, "y": -1, "value": "full"},
					{"x": 1, "y": 0, "value": "full"},
					{"x": -1, "y": 0, "value": "full"}
				],
				"random": 500
			},
			{
				"index": 100,
				"condition": [
					{"x": 0, "y": 1, "value": "full"},
					{"x": 0, "y": -1, "value": "full"},
					{"x": 1, "y": 0, "value": "full"},
					{"x": -1, "y": 0, "value": "full"}
				],
				"random": 500
			},
			{
				"index": 101,
				"condition": [
					{"x": 0, "y": 1, "value": "full"},
					{"x": 0, "y": -1, "value": "full"},
					{"x": 1, "y": 0, "value": "full"},
					{"x": -1, "y": 0, "value": "full"}
				],
				"random": 500
			},
			{
				"index": 102,
				"condition": [
					{"x": 0, "y": 1, "value": "full"},
					{"x": 0, "y": -1, "value": "full"},
					{"x": 1, "y": 0, "value": "full"},
					{"x": -1, "y": 0, "value": "full"}
				],
				"random": 500
			},
			{
				"index": 117,
				"condition": [
					{"x": 0, "y": 1, "value": "full"},
					{"x": 0, "y": -1, "value": "full"},
					{"x": 1, "y": 0, "value": "full"},
					{"x": -1, "y": 0, "value": "full"}
				],
				"random": 500
			},
			{
				"index": 118,
				"condition": [
					{"x": 0, "y": 1, "value": "full"},
					{"x": 0, "y": -1, "value": "full"},
					{"x": 1, "y": 0, "value": "full"},
					{"x": -1, "y": 0, "value": "full"}
				],
				"random": 500
			},
			{
				"index": 133,
				"condition": [
					{"x": 0, "y": 1, "value": "full"},
					{"x": 0, "y": -1, "value": "full"},
					{"x": 1, "y": 0, "value": "full"},
					{"x": -1, "y": 0, "value": "full"}
				],
				"random": 500
			},
			{
				"index": 134,
				"condition": [
					{"x": 0, "y": 1, "value": "full"},
					{"x": 0, "y": -1, "value": "full"},
					{"x": 1, "y": 0, "value": "full"},
					{"x": -1, "y": 0, "value": "full"}
				],
				"random": 500
			},
			{
				"index": 96,
				"condition": [
					{"x": 0, "y": -1, "value": "empty"}
				]
			},
			{
				"index": 97,
				"condition": [
					{"x": 1, "y": 0, "value": "empty"}
				]
			},
			{
				"index": 98,
				"condition": [
					{"x": 0, "y": 1, "value": "empty"}
				]
			},
			{
				"index": 99,
				"condition": [
					{"x": -1, "y": 0, "value": "empty"}
				]
			},
			{
				"index": 113,
				"condition": [
					{"x": 0, "y": -1, "value": "empty"},
					{"x": 1, "y": 0, "value": "empty"}
				]
			},
			{
				"index": 112,
				"condition": [
					{"x": 0, "y": -1, "value": "empty"},
					{"x": -1, "y": 0, "value": "empty"}
				]
			},
			{
				"index": 115,
				"condition": [
					{"x": 0, "y": 1, "value": "empty"},
					{"x": -1, "y": 0, "value": "empty"}
				]
			},
			{
				"index": 114,
				"condition": [
					{"x": 0, "y": 1, "value": "empty"},
					{"x": 1, "y": 0, "value": "empty"}
				]
			},
			{
				"index": 131,
				"condition": [
					{"x": -1, "y": 1, "value": "empty"},
					{"x": -1, "y": 0, "value": "full"},
					{"x": 0, "y": 1, "value": "full"}
				]
			},
			{
				"index": 130,
				"condition": [
					{"x": 1, "y": 1, "value": "empty"},
					{"x": 1, "y": 0, "value": "full"},
					{"x": 0, "y": 1, "value": "full"}
				]
			},
			{
				"index": 129,
				"condition": [
					{"x": 1, "y": -1, "value": "empty"},
					{"x": 1, "y": 0, "value": "full"},
					{"x": 0, "y": -1, "value": "full"}
				]
			},
			{
				"index": 128,
				"condition": [
					{"x": -1, "y": -1, "value": "empty"},
					{"x": -1, "y": 0, "value": "full"},
					{"x": 0, "y": -1, "value": "full"}
				]
			}]
		}
	}]
}
