{"skin": {
	"body": {
		"filename": "force",
		"custom_colors": "true",
		"hue": 24,
		"sat": 19,
		"lgt": 52
	},
	"marking": {
		"filename": "wildpaint",
		"custom_colors": "true",
		"hue": 30,
		"sat": 54,
		"lgt": 3,
		"alp": 54
	},
	"hands": {
		"filename": "standard",
		"custom_colors": "true",
		"hue": 27,
		"sat": 0,
		"lgt": 63
	},
	"feet": {
		"filename": "standard",
		"custom_colors": "true",
		"hue": 28,
		"sat": 0,
		"lgt": 0
	},
	"eyes": {
		"filename": "standard",
		"custom_colors": "true",
		"hue": 0,
		"sat": 0,
		"lgt": 0
	}}
}
